domain,company_commercial_name,company_legal_name,company_all_available_names,phone_numbers,social_media_links,addresses
linkedin.com,,,,,,
workitstudio.com,,,,(202) 588-7363,"https://www.facebook.com/balancegymdc/?fref=mentions, https://www.facebook.com/workitstudio","1339 Green Court, N.W. Washington, D.C. 20005"
cumberland-river.com,,,,,,
thestonenc.com,,,,,https://www.facebook.com/thestonenc,
maddux.pro,,,,,,
mazautoglass.com,,,,"(415) 626-4474, 415-626-4474",,
kansaslimousin.org,,,,620-432-5056,"https://www.facebook.com/groups/1235892853935518/, https://www.facebook.com/groups/294431518392859/user/1483456138/?__cft__%5b0%5d=AZUHMermbSGOCqsTa2CUw-C3RjZHRYoqHY5zxofYh9cPVLmj8oovH-ozQ8Az2pl-qEBLQkYfTipIbB4ljFZlj5IbZq8M64Cs76vBohtKhUkPh_r2JcYW9Vp8nByochGu4Ogyg3-7aPEnZtlSnHHAXPo3RLUrj7WQ5oSijTWRv8Ob8_9t3oXuz5YSp4Y_z5bs4iI&__tn__=-%5dK-R",
kkcger.com,,,,,,
creativebusinessassociates.com,,,,310-650-6862,https://www.facebook.com/paula.easton,
bostonzen.org,,,,,,
youtube.com,,,,"153.382.0226, 667.601.5202, 718.112.7507, 422.917.3189, 528.464.5258, 748.216.4948, 443.448.9092, 481.249.3326, 996.757.2372, 726.866.8044, 767.231.4297, 995.183.2272, 324.979.3830, 155.952.2052, 303.542.3546, 945 165.7755, 784 165.8383, 172 155.3084, 699 196.5784, 435 190.9287, 327 155.2979, 963 196.4545, 936 190.8155, 375 289.8637, 451 289.8637, 581 287.1160, 281 283.7265, 281 282.1648, 254 281.0001, 393 283.2981, 331 283.2981, 367 282.4449, 948 280.7385, 086 283.0033, 375 283.7265, 575.935.3575, 341 132.2362, 622 148.1004, 566 137.7879",,
